[{"model": "assessments.assessment", "pk": 1, "fields": {"title": "Numeracy Assessment", "grade": "0", "subject": "MATH", "language": "EN", "country": "FRA", "created_by": null, "private": false}}, {"model": "assessments.assessment", "pk": 2, "fields": {"title": "Literacy assessment", "grade": "0", "subject": "LITERACY", "language": "AR", "country": "JOR", "created_by": null, "private": false}}, {"model": "assessments.assessment", "pk": 5, "fields": {"title": "Pre SEL", "grade": "0", "subject": "PRESEL", "language": "EN", "country": "USA", "created_by": null, "private": false}}, {"model": "assessments.assessment", "pk": 6, "fields": {"title": "Post SEL", "grade": "0", "subject": "POSTSEL", "language": "EN", "country": "USA", "created_by": null, "private": false}}, {"model": "assessments.assessmenttopic", "pk": 1, "fields": {"name": "Number sense", "description": null, "assessment": 1, "show_feedback": 0, "allow_skip": true, "evaluated": true}}, {"model": "assessments.assessmenttopic", "pk": 2, "fields": {"name": "Addition", "description": null, "assessment": 1, "show_feedback": 0, "allow_skip": true, "evaluated": true}}, {"model": "assessments.assessmenttopic", "pk": 3, "fields": {"name": "Number ID", "description": "Identify a number in a numeral form after it is verbalized", "assessment": 1, "show_feedback": 1, "allow_skip": false, "evaluated": true}}, {"model": "assessments.assessmenttopic", "pk": 4, "fields": {"name": "Word Reading 1", "description": null, "assessment": 2, "show_feedback": 1, "allow_skip": false, "evaluated": true}}, {"model": "assessments.assessmenttopic", "pk": 5, "fields": {"name": "Word Reading 2", "description": null, "assessment": 2, "show_feedback": 1, "allow_skip": false, "evaluated": true}}, {"model": "assessments.assessmenttopic", "pk": 6, "fields": {"name": "Letters and sounds", "description": null, "assessment": 2, "show_feedback": 1, "allow_skip": false, "evaluated": true}}, {"model": "assessments.assessmenttopic", "pk": 7, "fields": {"name": "Numeracy", "description": null, "assessment": 5, "show_feedback": 0, "allow_skip": false, "evaluated": false}}, {"model": "assessments.assessmenttopic", "pk": 9, "fields": {"name": "Literacy", "description": null, "assessment": 5, "show_feedback": 0, "allow_skip": false, "evaluated": false}}, {"model": "assessments.assessmenttopic", "pk": 10, "fields": {"name": "Growth Mindset", "description": null, "assessment": 5, "show_feedback": 0, "allow_skip": false, "evaluated": false}}, {"model": "assessments.assessmenttopic", "pk": 11, "fields": {"name": "Growth Mindset", "description": null, "assessment": 6, "show_feedback": 0, "allow_skip": false, "evaluated": false}}, {"model": "assessments.assessmenttopic", "pk": 12, "fields": {"name": "Literacy", "description": null, "assessment": 6, "show_feedback": 0, "allow_skip": false, "evaluated": false}}, {"model": "assessments.assessmenttopic", "pk": 13, "fields": {"name": "Numeracy", "description": null, "assessment": 6, "show_feedback": 0, "allow_skip": false, "evaluated": false}}, {"model": "assessments.assessmenttopicaccess", "pk": 1, "fields": {"start_date": "2021-06-03", "end_date": "2021-08-14", "student": 1, "topic": 1}}, {"model": "assessments.assessmenttopicaccess", "pk": 2, "fields": {"start_date": "2021-06-03", "end_date": "2021-08-21", "student": 1, "topic": 2}}, {"model": "assessments.assessmenttopicaccess", "pk": 3, "fields": {"start_date": "2021-06-03", "end_date": "2021-08-14", "student": 1, "topic": 3}}, {"model": "assessments.assessmenttopicaccess", "pk": 4, "fields": {"start_date": "2021-06-03", "end_date": "2022-01-13", "student": 4, "topic": 1}}, {"model": "assessments.assessmenttopicaccess", "pk": 5, "fields": {"start_date": "2021-06-03", "end_date": "2021-10-19", "student": 4, "topic": 2}}, {"model": "assessments.assessmenttopicaccess", "pk": 6, "fields": {"start_date": "2021-06-03", "end_date": "2021-11-18", "student": 4, "topic": 4}}, {"model": "assessments.assessmenttopicaccess", "pk": 7, "fields": {"start_date": "2021-06-03", "end_date": "2021-09-16", "student": 4, "topic": 5}}, {"model": "assessments.assessmenttopicaccess", "pk": 8, "fields": {"start_date": "2021-06-04", "end_date": "2021-12-23", "student": 4, "topic": 6}}, {"model": "assessments.assessmenttopicaccess", "pk": 9, "fields": {"start_date": "2021-06-04", "end_date": "2021-09-22", "student": 4, "topic": 7}}, {"model": "assessments.assessmenttopicaccess", "pk": 10, "fields": {"start_date": "2021-06-04", "end_date": "2021-10-13", "student": 4, "topic": 9}}, {"model": "assessments.assessmenttopicaccess", "pk": 11, "fields": {"start_date": "2021-06-04", "end_date": "2021-10-15", "student": 4, "topic": 10}}, {"model": "assessments.assessmenttopicaccess", "pk": 12, "fields": {"start_date": "2021-06-04", "end_date": "2021-11-24", "student": 4, "topic": 11}}, {"model": "assessments.assessmenttopicaccess", "pk": 13, "fields": {"start_date": "2021-06-04", "end_date": "2021-10-15", "student": 4, "topic": 12}}, {"model": "assessments.assessmenttopicaccess", "pk": 14, "fields": {"start_date": "2021-06-04", "end_date": "2021-11-25", "student": 4, "topic": 13}}, {"model": "assessments.question", "pk": 1, "fields": {"title": "3", "order": 1, "assessment_topic": 1, "question_type": "NUMBER_LINE"}}, {"model": "assessments.question", "pk": 2, "fields": {"title": "5", "order": 2, "assessment_topic": 1, "question_type": "NUMBER_LINE"}}, {"model": "assessments.question", "pk": 3, "fields": {"title": "6", "order": 3, "assessment_topic": 1, "question_type": "NUMBER_LINE"}}, {"model": "assessments.question", "pk": 4, "fields": {"title": "8", "order": 4, "assessment_topic": 1, "question_type": "NUMBER_LINE"}}, {"model": "assessments.question", "pk": 5, "fields": {"title": "9", "order": 5, "assessment_topic": 1, "question_type": "NUMBER_LINE"}}, {"model": "assessments.question", "pk": 6, "fields": {"title": "10", "order": 6, "assessment_topic": 1, "question_type": "NUMBER_LINE"}}, {"model": "assessments.question", "pk": 7, "fields": {"title": "13", "order": 7, "assessment_topic": 1, "question_type": "NUMBER_LINE"}}, {"model": "assessments.question", "pk": 8, "fields": {"title": "11", "order": 8, "assessment_topic": 1, "question_type": "NUMBER_LINE"}}, {"model": "assessments.question", "pk": 9, "fields": {"title": "16", "order": 9, "assessment_topic": 1, "question_type": "NUMBER_LINE"}}, {"model": "assessments.question", "pk": 10, "fields": {"title": "19", "order": 10, "assessment_topic": 1, "question_type": "NUMBER_LINE"}}, {"model": "assessments.question", "pk": 11, "fields": {"title": "50", "order": 11, "assessment_topic": 1, "question_type": "NUMBER_LINE"}}, {"model": "assessments.question", "pk": 12, "fields": {"title": "61", "order": 12, "assessment_topic": 1, "question_type": "NUMBER_LINE"}}, {"model": "assessments.question", "pk": 13, "fields": {"title": "99", "order": 13, "assessment_topic": 1, "question_type": "NUMBER_LINE"}}, {"model": "assessments.question", "pk": 14, "fields": {"title": "86", "order": 14, "assessment_topic": 1, "question_type": "NUMBER_LINE"}}, {"model": "assessments.question", "pk": 15, "fields": {"title": "78", "order": 15, "assessment_topic": 1, "question_type": "NUMBER_LINE"}}, {"model": "assessments.question", "pk": 16, "fields": {"title": "1 + 2", "order": 1, "assessment_topic": 2, "question_type": "SELECT"}}, {"model": "assessments.question", "pk": 17, "fields": {"title": "2 + 3", "order": 2, "assessment_topic": 2, "question_type": "SELECT"}}, {"model": "assessments.question", "pk": 18, "fields": {"title": "3 + 4", "order": 3, "assessment_topic": 2, "question_type": "SELECT"}}, {"model": "assessments.question", "pk": 19, "fields": {"title": "4 + 5", "order": 4, "assessment_topic": 2, "question_type": "SELECT"}}, {"model": "assessments.question", "pk": 20, "fields": {"title": "3 + 7", "order": 5, "assessment_topic": 2, "question_type": "SELECT"}}, {"model": "assessments.question", "pk": 21, "fields": {"title": "4 + 8", "order": 6, "assessment_topic": 2, "question_type": "SELECT"}}, {"model": "assessments.question", "pk": 22, "fields": {"title": "5 + 2", "order": 7, "assessment_topic": 2, "question_type": "SELECT"}}, {"model": "assessments.question", "pk": 23, "fields": {"title": "6 + 3", "order": 8, "assessment_topic": 2, "question_type": "SELECT"}}, {"model": "assessments.question", "pk": 24, "fields": {"title": "7 + 4", "order": 9, "assessment_topic": 2, "question_type": "SELECT"}}, {"model": "assessments.question", "pk": 25, "fields": {"title": "6 + 8", "order": 10, "assessment_topic": 2, "question_type": "SELECT"}}, {"model": "assessments.question", "pk": 26, "fields": {"title": "7 + 8", "order": 11, "assessment_topic": 2, "question_type": "SELECT"}}, {"model": "assessments.question", "pk": 27, "fields": {"title": "8 + 9", "order": 12, "assessment_topic": 2, "question_type": "SELECT"}}, {"model": "assessments.question", "pk": 28, "fields": {"title": "12 + 13", "order": 13, "assessment_topic": 2, "question_type": "SELECT"}}, {"model": "assessments.question", "pk": 29, "fields": {"title": "15 + 16", "order": 14, "assessment_topic": 2, "question_type": "SELECT"}}, {"model": "assessments.question", "pk": 30, "fields": {"title": "17 + 18", "order": 15, "assessment_topic": 2, "question_type": "SELECT"}}, {"model": "assessments.question", "pk": 31, "fields": {"title": "1", "order": 1, "assessment_topic": 3, "question_type": "SELECT"}}, {"model": "assessments.question", "pk": 32, "fields": {"title": "3", "order": 2, "assessment_topic": 3, "question_type": "SELECT"}}, {"model": "assessments.question", "pk": 33, "fields": {"title": "2", "order": 3, "assessment_topic": 3, "question_type": "SELECT"}}, {"model": "assessments.question", "pk": 34, "fields": {"title": "5", "order": 4, "assessment_topic": 3, "question_type": "SELECT"}}, {"model": "assessments.question", "pk": 35, "fields": {"title": "8", "order": 5, "assessment_topic": 3, "question_type": "SELECT"}}, {"model": "assessments.question", "pk": 36, "fields": {"title": "9", "order": 6, "assessment_topic": 3, "question_type": "SELECT"}}, {"model": "assessments.question", "pk": 37, "fields": {"title": "10", "order": 7, "assessment_topic": 3, "question_type": "SELECT"}}, {"model": "assessments.question", "pk": 38, "fields": {"title": "17", "order": 8, "assessment_topic": 3, "question_type": "SELECT"}}, {"model": "assessments.question", "pk": 39, "fields": {"title": "16", "order": 9, "assessment_topic": 3, "question_type": "SELECT"}}, {"model": "assessments.question", "pk": 40, "fields": {"title": "11", "order": 10, "assessment_topic": 3, "question_type": "SELECT"}}, {"model": "assessments.question", "pk": 41, "fields": {"title": "29", "order": 11, "assessment_topic": 3, "question_type": "SELECT"}}, {"model": "assessments.question", "pk": 42, "fields": {"title": "31", "order": 12, "assessment_topic": 3, "question_type": "SELECT"}}, {"model": "assessments.question", "pk": 43, "fields": {"title": "34", "order": 13, "assessment_topic": 3, "question_type": "SELECT"}}, {"model": "assessments.question", "pk": 44, "fields": {"title": "42", "order": 14, "assessment_topic": 3, "question_type": "SELECT"}}, {"model": "assessments.question", "pk": 45, "fields": {"title": "56", "order": 15, "assessment_topic": 3, "question_type": "SELECT"}}, {"model": "assessments.question", "pk": 46, "fields": {"title": "باب", "order": 1, "assessment_topic": 4, "question_type": "SELECT"}}, {"model": "assessments.question", "pk": 47, "fields": {"title": "شَمْس", "order": 2, "assessment_topic": 4, "question_type": "SELECT"}}, {"model": "assessments.question", "pk": 48, "fields": {"title": "WR3", "order": 3, "assessment_topic": 4, "question_type": "SELECT"}}, {"model": "assessments.question", "pk": 49, "fields": {"title": "WR4", "order": 4, "assessment_topic": 4, "question_type": "SELECT"}}, {"model": "assessments.question", "pk": 50, "fields": {"title": "وِشاح", "order": 1, "assessment_topic": 5, "question_type": "SELECT"}}, {"model": "assessments.question", "pk": 51, "fields": {"title": "تُفّاحَة", "order": 2, "assessment_topic": 5, "question_type": "SELECT"}}, {"model": "assessments.question", "pk": 52, "fields": {"title": "WR2-3", "order": 3, "assessment_topic": 5, "question_type": "SELECT"}}, {"model": "assessments.question", "pk": 53, "fields": {"title": "WR2-4", "order": 4, "assessment_topic": 5, "question_type": "SELECT"}}, {"model": "assessments.question", "pk": 54, "fields": {"title": "1", "order": 1, "assessment_topic": 6, "question_type": "SELECT"}}, {"model": "assessments.question", "pk": 55, "fields": {"title": "2", "order": 2, "assessment_topic": 6, "question_type": "SELECT"}}, {"model": "assessments.question", "pk": 56, "fields": {"title": "طُ", "order": 3, "assessment_topic": 6, "question_type": "SELECT"}}, {"model": "assessments.question", "pk": 57, "fields": {"title": "خِ", "order": 4, "assessment_topic": 6, "question_type": "SELECT"}}, {"model": "assessments.question", "pk": 58, "fields": {"title": "I’m confident that I can do an excellent job on my math tests.", "order": 1, "assessment_topic": 7, "question_type": "NUMBER_LINE"}}, {"model": "assessments.question", "pk": 59, "fields": {"title": "I’m certain I can understand difficult material presented in my math text/work book.", "order": 2, "assessment_topic": 7, "question_type": "NUMBER_LINE"}}, {"model": "assessments.question", "pk": 60, "fields": {"title": "I’m confident I can understand the most difficult material presented by my math teacher.", "order": 3, "assessment_topic": 7, "question_type": "NUMBER_LINE"}}, {"model": "assessments.question", "pk": 61, "fields": {"title": "I’m confident I can do an excellent job on my math homework.", "order": 4, "assessment_topic": 7, "question_type": "NUMBER_LINE"}}, {"model": "assessments.question", "pk": 62, "fields": {"title": "I am certain I can master the skills being taught in my math class.", "order": 5, "assessment_topic": 7, "question_type": "NUMBER_LINE"}}, {"model": "assessments.question", "pk": 63, "fields": {"title": "I am confident that I can solve math problems.", "order": 6, "assessment_topic": 7, "question_type": "NUMBER_LINE"}}, {"model": "assessments.question", "pk": 64, "fields": {"title": "I am confident that I can recognize numbers when I see them.", "order": 7, "assessment_topic": 7, "question_type": "NUMBER_LINE"}}, {"model": "assessments.question", "pk": 65, "fields": {"title": "I am confident that I can use addition to add two numbers together.", "order": 8, "assessment_topic": 7, "question_type": "NUMBER_LINE"}}, {"model": "assessments.question", "pk": 67, "fields": {"title": "I’m confident that I can do an excellent job on my language tests.", "order": 1, "assessment_topic": 9, "question_type": "SELECT"}}, {"model": "assessments.question", "pk": 68, "fields": {"title": "I’m certain I can understand difficult material presented in my language text/work book.", "order": 2, "assessment_topic": 9, "question_type": "SELECT"}}, {"model": "assessments.question", "pk": 69, "fields": {"title": "I’m confident I can understand the most difficult material presented by my Arabic language teacher.", "order": 3, "assessment_topic": 9, "question_type": "SELECT"}}, {"model": "assessments.question", "pk": 70, "fields": {"title": "I’m confident I can do an excellent job on my language homework.", "order": 4, "assessment_topic": 9, "question_type": "SELECT"}}, {"model": "assessments.question", "pk": 71, "fields": {"title": "I am certain I can master the skills being taught in my language class.", "order": 5, "assessment_topic": 9, "question_type": "SELECT"}}, {"model": "assessments.question", "pk": 72, "fields": {"title": "I am confident that I can read.", "order": 6, "assessment_topic": 9, "question_type": "SELECT"}}, {"model": "assessments.question", "pk": 73, "fields": {"title": "I am confident that I can recognize letters when I see them.", "order": 7, "assessment_topic": 9, "question_type": "SELECT"}}, {"model": "assessments.question", "pk": 74, "fields": {"title": "I am confident that I can read a word when I see it written.", "order": 8, "assessment_topic": 9, "question_type": "SELECT"}}, {"model": "assessments.question", "pk": 75, "fields": {"title": "You have a certain amount of intelligence, and you really can’t do much to change it.", "order": 1, "assessment_topic": 10, "question_type": "NUMBER_LINE"}}, {"model": "assessments.question", "pk": 76, "fields": {"title": "Your intelligence is something about you that you can’t change very much.", "order": 2, "assessment_topic": 10, "question_type": "NUMBER_LINE"}}, {"model": "assessments.question", "pk": 77, "fields": {"title": "You can learn new things, but you can’t really change your basic intelligence.", "order": 3, "assessment_topic": 10, "question_type": "NUMBER_LINE"}}, {"model": "assessments.question", "pk": 78, "fields": {"title": "No matter who you are, you can change your intelligence a lot.", "order": 4, "assessment_topic": 10, "question_type": "NUMBER_LINE"}}, {"model": "assessments.question", "pk": 79, "fields": {"title": "You can always greatly change how intelligent you are.", "order": 5, "assessment_topic": 10, "question_type": "NUMBER_LINE"}}, {"model": "assessments.question", "pk": 80, "fields": {"title": "No matter how much intelligence you have, you can always change it quite a bit.", "order": 6, "assessment_topic": 10, "question_type": "NUMBER_LINE"}}, {"model": "assessments.question", "pk": 81, "fields": {"title": "You have a certain amount of intelligence, and you really can’t do much to change it.", "order": 1, "assessment_topic": 11, "question_type": "NUMBER_LINE"}}, {"model": "assessments.question", "pk": 82, "fields": {"title": "Your intelligence is something about you that you can’t change very much.", "order": 2, "assessment_topic": 11, "question_type": "NUMBER_LINE"}}, {"model": "assessments.question", "pk": 83, "fields": {"title": "You can learn new things, but you can’t really change your basic intelligence.", "order": 3, "assessment_topic": 11, "question_type": "NUMBER_LINE"}}, {"model": "assessments.question", "pk": 84, "fields": {"title": "No matter who you are, you can change your intelligence a lot.", "order": 4, "assessment_topic": 11, "question_type": "NUMBER_LINE"}}, {"model": "assessments.question", "pk": 85, "fields": {"title": "You can always greatly change how intelligent you are.", "order": 5, "assessment_topic": 11, "question_type": "NUMBER_LINE"}}, {"model": "assessments.question", "pk": 86, "fields": {"title": "No matter how much intelligence you have, you can always change it quite a bit.", "order": 6, "assessment_topic": 11, "question_type": "NUMBER_LINE"}}, {"model": "assessments.question", "pk": 87, "fields": {"title": "I’m confident that I can do an excellent job on my language tests.", "order": 1, "assessment_topic": 12, "question_type": "SELECT"}}, {"model": "assessments.question", "pk": 88, "fields": {"title": "I’m certain I can understand difficult material presented in my language text/work book.", "order": 2, "assessment_topic": 12, "question_type": "SELECT"}}, {"model": "assessments.question", "pk": 89, "fields": {"title": "I’m confident I can understand the most difficult material presented by my Arabic language teacher.", "order": 3, "assessment_topic": 12, "question_type": "SELECT"}}, {"model": "assessments.question", "pk": 90, "fields": {"title": "I’m confident I can do an excellent job on my language homework.", "order": 4, "assessment_topic": 12, "question_type": "SELECT"}}, {"model": "assessments.question", "pk": 91, "fields": {"title": "I am certain I can master the skills being taught in my language class.", "order": 5, "assessment_topic": 12, "question_type": "SELECT"}}, {"model": "assessments.question", "pk": 92, "fields": {"title": "I am confident that I can read.", "order": 6, "assessment_topic": 12, "question_type": "SELECT"}}, {"model": "assessments.question", "pk": 93, "fields": {"title": "I am confident that I can recognize letters when I see them.", "order": 7, "assessment_topic": 12, "question_type": "SELECT"}}, {"model": "assessments.question", "pk": 94, "fields": {"title": "I am confident that I can read a word when I see it written.", "order": 8, "assessment_topic": 12, "question_type": "SELECT"}}, {"model": "assessments.question", "pk": 95, "fields": {"title": "I’m confident that I can do an excellent job on my math tests.", "order": 1, "assessment_topic": 13, "question_type": "NUMBER_LINE"}}, {"model": "assessments.question", "pk": 96, "fields": {"title": "I’m certain I can understand difficult material presented in my math text/work book.", "order": 2, "assessment_topic": 13, "question_type": "NUMBER_LINE"}}, {"model": "assessments.question", "pk": 97, "fields": {"title": "I’m confident I can understand the most difficult material presented by my math teacher.", "order": 3, "assessment_topic": 13, "question_type": "NUMBER_LINE"}}, {"model": "assessments.question", "pk": 98, "fields": {"title": "I’m confident I can do an excellent job on my math homework.", "order": 4, "assessment_topic": 13, "question_type": "NUMBER_LINE"}}, {"model": "assessments.question", "pk": 99, "fields": {"title": "I am certain I can master the skills being taught in my math class.", "order": 5, "assessment_topic": 13, "question_type": "NUMBER_LINE"}}, {"model": "assessments.question", "pk": 100, "fields": {"title": "I am confident that I can solve math problems.", "order": 6, "assessment_topic": 13, "question_type": "NUMBER_LINE"}}, {"model": "assessments.question", "pk": 101, "fields": {"title": "I am confident that I can recognize numbers when I see them.", "order": 7, "assessment_topic": 13, "question_type": "NUMBER_LINE"}}, {"model": "assessments.question", "pk": 102, "fields": {"title": "I am confident that I can use addition to add two numbers together.", "order": 8, "assessment_topic": 13, "question_type": "NUMBER_LINE"}}, {"model": "assessments.questionselect", "pk": 16, "fields": {"multiple": false}}, {"model": "assessments.questionselect", "pk": 17, "fields": {"multiple": false}}, {"model": "assessments.questionselect", "pk": 18, "fields": {"multiple": false}}, {"model": "assessments.questionselect", "pk": 19, "fields": {"multiple": false}}, {"model": "assessments.questionselect", "pk": 20, "fields": {"multiple": false}}, {"model": "assessments.questionselect", "pk": 21, "fields": {"multiple": false}}, {"model": "assessments.questionselect", "pk": 22, "fields": {"multiple": false}}, {"model": "assessments.questionselect", "pk": 23, "fields": {"multiple": false}}, {"model": "assessments.questionselect", "pk": 24, "fields": {"multiple": false}}, {"model": "assessments.questionselect", "pk": 25, "fields": {"multiple": false}}, {"model": "assessments.questionselect", "pk": 26, "fields": {"multiple": false}}, {"model": "assessments.questionselect", "pk": 27, "fields": {"multiple": false}}, {"model": "assessments.questionselect", "pk": 28, "fields": {"multiple": false}}, {"model": "assessments.questionselect", "pk": 29, "fields": {"multiple": false}}, {"model": "assessments.questionselect", "pk": 30, "fields": {"multiple": false}}, {"model": "assessments.questionselect", "pk": 31, "fields": {"multiple": false}}, {"model": "assessments.questionselect", "pk": 32, "fields": {"multiple": false}}, {"model": "assessments.questionselect", "pk": 33, "fields": {"multiple": false}}, {"model": "assessments.questionselect", "pk": 34, "fields": {"multiple": false}}, {"model": "assessments.questionselect", "pk": 35, "fields": {"multiple": false}}, {"model": "assessments.questionselect", "pk": 36, "fields": {"multiple": false}}, {"model": "assessments.questionselect", "pk": 37, "fields": {"multiple": false}}, {"model": "assessments.questionselect", "pk": 38, "fields": {"multiple": false}}, {"model": "assessments.questionselect", "pk": 39, "fields": {"multiple": false}}, {"model": "assessments.questionselect", "pk": 40, "fields": {"multiple": false}}, {"model": "assessments.questionselect", "pk": 41, "fields": {"multiple": false}}, {"model": "assessments.questionselect", "pk": 42, "fields": {"multiple": false}}, {"model": "assessments.questionselect", "pk": 43, "fields": {"multiple": false}}, {"model": "assessments.questionselect", "pk": 44, "fields": {"multiple": false}}, {"model": "assessments.questionselect", "pk": 45, "fields": {"multiple": false}}, {"model": "assessments.questionselect", "pk": 46, "fields": {"multiple": false}}, {"model": "assessments.questionselect", "pk": 47, "fields": {"multiple": false}}, {"model": "assessments.questionselect", "pk": 48, "fields": {"multiple": false}}, {"model": "assessments.questionselect", "pk": 49, "fields": {"multiple": false}}, {"model": "assessments.questionselect", "pk": 50, "fields": {"multiple": false}}, {"model": "assessments.questionselect", "pk": 51, "fields": {"multiple": false}}, {"model": "assessments.questionselect", "pk": 52, "fields": {"multiple": false}}, {"model": "assessments.questionselect", "pk": 53, "fields": {"multiple": false}}, {"model": "assessments.questionselect", "pk": 54, "fields": {"multiple": false}}, {"model": "assessments.questionselect", "pk": 55, "fields": {"multiple": false}}, {"model": "assessments.questionselect", "pk": 56, "fields": {"multiple": false}}, {"model": "assessments.questionselect", "pk": 57, "fields": {"multiple": false}}, {"model": "assessments.questionselect", "pk": 67, "fields": {"multiple": false}}, {"model": "assessments.questionselect", "pk": 68, "fields": {"multiple": false}}, {"model": "assessments.questionselect", "pk": 69, "fields": {"multiple": false}}, {"model": "assessments.questionselect", "pk": 70, "fields": {"multiple": false}}, {"model": "assessments.questionselect", "pk": 71, "fields": {"multiple": false}}, {"model": "assessments.questionselect", "pk": 72, "fields": {"multiple": false}}, {"model": "assessments.questionselect", "pk": 73, "fields": {"multiple": false}}, {"model": "assessments.questionselect", "pk": 74, "fields": {"multiple": false}}, {"model": "assessments.questionselect", "pk": 87, "fields": {"multiple": false}}, {"model": "assessments.questionselect", "pk": 88, "fields": {"multiple": false}}, {"model": "assessments.questionselect", "pk": 89, "fields": {"multiple": false}}, {"model": "assessments.questionselect", "pk": 90, "fields": {"multiple": false}}, {"model": "assessments.questionselect", "pk": 91, "fields": {"multiple": false}}, {"model": "assessments.questionselect", "pk": 92, "fields": {"multiple": false}}, {"model": "assessments.questionselect", "pk": 93, "fields": {"multiple": false}}, {"model": "assessments.questionselect", "pk": 94, "fields": {"multiple": false}}, {"model": "assessments.questionnumberline", "pk": 1, "fields": {"expected_value": 3, "start": 0, "end": 10, "step": 1, "show_ticks": false, "show_value": false}}, {"model": "assessments.questionnumberline", "pk": 2, "fields": {"expected_value": 5, "start": 0, "end": 10, "step": 1, "show_ticks": false, "show_value": false}}, {"model": "assessments.questionnumberline", "pk": 3, "fields": {"expected_value": 6, "start": 0, "end": 10, "step": 1, "show_ticks": false, "show_value": false}}, {"model": "assessments.questionnumberline", "pk": 4, "fields": {"expected_value": 8, "start": 0, "end": 10, "step": 1, "show_ticks": false, "show_value": false}}, {"model": "assessments.questionnumberline", "pk": 5, "fields": {"expected_value": 9, "start": 0, "end": 10, "step": 1, "show_ticks": false, "show_value": false}}, {"model": "assessments.questionnumberline", "pk": 6, "fields": {"expected_value": 10, "start": 0, "end": 20, "step": 1, "show_ticks": false, "show_value": false}}, {"model": "assessments.questionnumberline", "pk": 7, "fields": {"expected_value": 13, "start": 0, "end": 20, "step": 1, "show_ticks": false, "show_value": false}}, {"model": "assessments.questionnumberline", "pk": 8, "fields": {"expected_value": 11, "start": 0, "end": 20, "step": 1, "show_ticks": false, "show_value": false}}, {"model": "assessments.questionnumberline", "pk": 9, "fields": {"expected_value": 16, "start": 0, "end": 20, "step": 1, "show_ticks": false, "show_value": false}}, {"model": "assessments.questionnumberline", "pk": 10, "fields": {"expected_value": 19, "start": 0, "end": 20, "step": 1, "show_ticks": false, "show_value": false}}, {"model": "assessments.questionnumberline", "pk": 11, "fields": {"expected_value": 50, "start": 0, "end": 100, "step": 1, "show_ticks": false, "show_value": false}}, {"model": "assessments.questionnumberline", "pk": 12, "fields": {"expected_value": 61, "start": 0, "end": 100, "step": 1, "show_ticks": false, "show_value": false}}, {"model": "assessments.questionnumberline", "pk": 13, "fields": {"expected_value": 99, "start": 0, "end": 100, "step": 1, "show_ticks": false, "show_value": false}}, {"model": "assessments.questionnumberline", "pk": 14, "fields": {"expected_value": 86, "start": 0, "end": 100, "step": 1, "show_ticks": false, "show_value": false}}, {"model": "assessments.questionnumberline", "pk": 15, "fields": {"expected_value": 78, "start": 0, "end": 100, "step": 1, "show_ticks": false, "show_value": false}}, {"model": "assessments.questionnumberline", "pk": 58, "fields": {"expected_value": 3, "start": 1, "end": 4, "step": 1, "show_ticks": true, "show_value": true}}, {"model": "assessments.questionnumberline", "pk": 59, "fields": {"expected_value": 3, "start": 1, "end": 4, "step": 1, "show_ticks": true, "show_value": true}}, {"model": "assessments.questionnumberline", "pk": 60, "fields": {"expected_value": 3, "start": 1, "end": 4, "step": 1, "show_ticks": true, "show_value": true}}, {"model": "assessments.questionnumberline", "pk": 61, "fields": {"expected_value": 3, "start": 1, "end": 4, "step": 1, "show_ticks": true, "show_value": true}}, {"model": "assessments.questionnumberline", "pk": 62, "fields": {"expected_value": 3, "start": 1, "end": 4, "step": 1, "show_ticks": true, "show_value": true}}, {"model": "assessments.questionnumberline", "pk": 63, "fields": {"expected_value": 3, "start": 1, "end": 4, "step": 1, "show_ticks": true, "show_value": true}}, {"model": "assessments.questionnumberline", "pk": 64, "fields": {"expected_value": 3, "start": 1, "end": 4, "step": 1, "show_ticks": true, "show_value": true}}, {"model": "assessments.questionnumberline", "pk": 65, "fields": {"expected_value": 3, "start": 1, "end": 4, "step": 1, "show_ticks": true, "show_value": true}}, {"model": "assessments.questionnumberline", "pk": 75, "fields": {"expected_value": 3, "start": 1, "end": 5, "step": 1, "show_ticks": true, "show_value": true}}, {"model": "assessments.questionnumberline", "pk": 76, "fields": {"expected_value": 3, "start": 1, "end": 5, "step": 1, "show_ticks": true, "show_value": true}}, {"model": "assessments.questionnumberline", "pk": 77, "fields": {"expected_value": 3, "start": 1, "end": 5, "step": 1, "show_ticks": true, "show_value": true}}, {"model": "assessments.questionnumberline", "pk": 78, "fields": {"expected_value": 3, "start": 1, "end": 5, "step": 1, "show_ticks": true, "show_value": true}}, {"model": "assessments.questionnumberline", "pk": 79, "fields": {"expected_value": 3, "start": 1, "end": 5, "step": 1, "show_ticks": true, "show_value": true}}, {"model": "assessments.questionnumberline", "pk": 80, "fields": {"expected_value": 3, "start": 1, "end": 5, "step": 1, "show_ticks": true, "show_value": true}}, {"model": "assessments.questionnumberline", "pk": 81, "fields": {"expected_value": 3, "start": 1, "end": 5, "step": 1, "show_ticks": true, "show_value": true}}, {"model": "assessments.questionnumberline", "pk": 82, "fields": {"expected_value": 3, "start": 1, "end": 5, "step": 1, "show_ticks": true, "show_value": true}}, {"model": "assessments.questionnumberline", "pk": 83, "fields": {"expected_value": 3, "start": 1, "end": 5, "step": 1, "show_ticks": true, "show_value": true}}, {"model": "assessments.questionnumberline", "pk": 84, "fields": {"expected_value": 3, "start": 1, "end": 5, "step": 1, "show_ticks": true, "show_value": true}}, {"model": "assessments.questionnumberline", "pk": 85, "fields": {"expected_value": 3, "start": 1, "end": 5, "step": 1, "show_ticks": true, "show_value": true}}, {"model": "assessments.questionnumberline", "pk": 86, "fields": {"expected_value": 3, "start": 1, "end": 5, "step": 1, "show_ticks": true, "show_value": true}}, {"model": "assessments.questionnumberline", "pk": 95, "fields": {"expected_value": 1, "start": 1, "end": 5, "step": 1, "show_ticks": true, "show_value": true}}, {"model": "assessments.questionnumberline", "pk": 96, "fields": {"expected_value": 1, "start": 1, "end": 5, "step": 1, "show_ticks": true, "show_value": true}}, {"model": "assessments.questionnumberline", "pk": 97, "fields": {"expected_value": 1, "start": 1, "end": 5, "step": 1, "show_ticks": true, "show_value": true}}, {"model": "assessments.questionnumberline", "pk": 98, "fields": {"expected_value": 1, "start": 1, "end": 5, "step": 1, "show_ticks": true, "show_value": true}}, {"model": "assessments.questionnumberline", "pk": 99, "fields": {"expected_value": 1, "start": 1, "end": 5, "step": 1, "show_ticks": true, "show_value": true}}, {"model": "assessments.questionnumberline", "pk": 100, "fields": {"expected_value": 1, "start": 1, "end": 5, "step": 1, "show_ticks": true, "show_value": true}}, {"model": "assessments.questionnumberline", "pk": 101, "fields": {"expected_value": 1, "start": 1, "end": 5, "step": 1, "show_ticks": true, "show_value": true}}, {"model": "assessments.questionnumberline", "pk": 102, "fields": {"expected_value": 1, "start": 1, "end": 5, "step": 1, "show_ticks": true, "show_value": true}}, {"model": "assessments.selectoption", "pk": 9, "fields": {"value": "2", "valid": false, "question_select": 16}}, {"model": "assessments.selectoption", "pk": 10, "fields": {"value": "4", "valid": false, "question_select": 16}}, {"model": "assessments.selectoption", "pk": 11, "fields": {"value": "3", "valid": true, "question_select": 16}}, {"model": "assessments.selectoption", "pk": 12, "fields": {"value": "5", "valid": false, "question_select": 16}}, {"model": "assessments.selectoption", "pk": 13, "fields": {"value": "5", "valid": true, "question_select": 17}}, {"model": "assessments.selectoption", "pk": 14, "fields": {"value": "7", "valid": false, "question_select": 17}}, {"model": "assessments.selectoption", "pk": 15, "fields": {"value": "4", "valid": false, "question_select": 17}}, {"model": "assessments.selectoption", "pk": 16, "fields": {"value": "6", "valid": false, "question_select": 17}}, {"model": "assessments.selectoption", "pk": 17, "fields": {"value": "7", "valid": true, "question_select": 18}}, {"model": "assessments.selectoption", "pk": 18, "fields": {"value": "8", "valid": false, "question_select": 18}}, {"model": "assessments.selectoption", "pk": 19, "fields": {"value": "6", "valid": false, "question_select": 18}}, {"model": "assessments.selectoption", "pk": 20, "fields": {"value": "9", "valid": false, "question_select": 18}}, {"model": "assessments.selectoption", "pk": 21, "fields": {"value": "8", "valid": false, "question_select": 19}}, {"model": "assessments.selectoption", "pk": 22, "fields": {"value": "10", "valid": false, "question_select": 19}}, {"model": "assessments.selectoption", "pk": 23, "fields": {"value": "11", "valid": false, "question_select": 19}}, {"model": "assessments.selectoption", "pk": 24, "fields": {"value": "9", "valid": true, "question_select": 19}}, {"model": "assessments.selectoption", "pk": 25, "fields": {"value": "12", "valid": false, "question_select": 20}}, {"model": "assessments.selectoption", "pk": 26, "fields": {"value": "9", "valid": false, "question_select": 20}}, {"model": "assessments.selectoption", "pk": 27, "fields": {"value": "10", "valid": true, "question_select": 20}}, {"model": "assessments.selectoption", "pk": 28, "fields": {"value": "11", "valid": false, "question_select": 20}}, {"model": "assessments.selectoption", "pk": 29, "fields": {"value": "11", "valid": false, "question_select": 21}}, {"model": "assessments.selectoption", "pk": 30, "fields": {"value": "14", "valid": false, "question_select": 21}}, {"model": "assessments.selectoption", "pk": 31, "fields": {"value": "12", "valid": true, "question_select": 21}}, {"model": "assessments.selectoption", "pk": 32, "fields": {"value": "13", "valid": false, "question_select": 21}}, {"model": "assessments.selectoption", "pk": 33, "fields": {"value": "8", "valid": false, "question_select": 22}}, {"model": "assessments.selectoption", "pk": 34, "fields": {"value": "7", "valid": true, "question_select": 22}}, {"model": "assessments.selectoption", "pk": 35, "fields": {"value": "9", "valid": false, "question_select": 22}}, {"model": "assessments.selectoption", "pk": 36, "fields": {"value": "6", "valid": false, "question_select": 22}}, {"model": "assessments.selectoption", "pk": 37, "fields": {"value": "10", "valid": false, "question_select": 23}}, {"model": "assessments.selectoption", "pk": 38, "fields": {"value": "8", "valid": false, "question_select": 23}}, {"model": "assessments.selectoption", "pk": 39, "fields": {"value": "11", "valid": false, "question_select": 23}}, {"model": "assessments.selectoption", "pk": 40, "fields": {"value": "9", "valid": true, "question_select": 23}}, {"model": "assessments.selectoption", "pk": 41, "fields": {"value": "10", "valid": false, "question_select": 24}}, {"model": "assessments.selectoption", "pk": 42, "fields": {"value": "12", "valid": false, "question_select": 24}}, {"model": "assessments.selectoption", "pk": 43, "fields": {"value": "11", "valid": true, "question_select": 24}}, {"model": "assessments.selectoption", "pk": 44, "fields": {"value": "13", "valid": false, "question_select": 24}}, {"model": "assessments.selectoption", "pk": 45, "fields": {"value": "16", "valid": false, "question_select": 25}}, {"model": "assessments.selectoption", "pk": 46, "fields": {"value": "14", "valid": true, "question_select": 25}}, {"model": "assessments.selectoption", "pk": 47, "fields": {"value": "13", "valid": false, "question_select": 25}}, {"model": "assessments.selectoption", "pk": 48, "fields": {"value": "15", "valid": false, "question_select": 25}}, {"model": "assessments.selectoption", "pk": 49, "fields": {"value": "15", "valid": true, "question_select": 26}}, {"model": "assessments.selectoption", "pk": 50, "fields": {"value": "17", "valid": false, "question_select": 26}}, {"model": "assessments.selectoption", "pk": 51, "fields": {"value": "14", "valid": false, "question_select": 26}}, {"model": "assessments.selectoption", "pk": 52, "fields": {"value": "16", "valid": false, "question_select": 26}}, {"model": "assessments.selectoption", "pk": 53, "fields": {"value": "17", "valid": true, "question_select": 27}}, {"model": "assessments.selectoption", "pk": 54, "fields": {"value": "19", "valid": false, "question_select": 27}}, {"model": "assessments.selectoption", "pk": 55, "fields": {"value": "18", "valid": false, "question_select": 27}}, {"model": "assessments.selectoption", "pk": 56, "fields": {"value": "16", "valid": false, "question_select": 27}}, {"model": "assessments.selectoption", "pk": 57, "fields": {"value": "7", "valid": false, "question_select": 28}}, {"model": "assessments.selectoption", "pk": 58, "fields": {"value": "23", "valid": false, "question_select": 28}}, {"model": "assessments.selectoption", "pk": 59, "fields": {"value": "25", "valid": true, "question_select": 28}}, {"model": "assessments.selectoption", "pk": 60, "fields": {"value": "27", "valid": false, "question_select": 28}}, {"model": "assessments.selectoption", "pk": 61, "fields": {"value": "33", "valid": false, "question_select": 29}}, {"model": "assessments.selectoption", "pk": 62, "fields": {"value": "31", "valid": true, "question_select": 29}}, {"model": "assessments.selectoption", "pk": 63, "fields": {"value": "211", "valid": false, "question_select": 29}}, {"model": "assessments.selectoption", "pk": 64, "fields": {"value": "26", "valid": false, "question_select": 29}}, {"model": "assessments.selectoption", "pk": 65, "fields": {"value": "35", "valid": true, "question_select": 30}}, {"model": "assessments.selectoption", "pk": 66, "fields": {"value": "37", "valid": false, "question_select": 30}}, {"model": "assessments.selectoption", "pk": 67, "fields": {"value": "215", "valid": false, "question_select": 30}}, {"model": "assessments.selectoption", "pk": 68, "fields": {"value": "33", "valid": false, "question_select": 30}}, {"model": "assessments.selectoption", "pk": 69, "fields": {"value": "4", "valid": false, "question_select": 31}}, {"model": "assessments.selectoption", "pk": 70, "fields": {"value": "2", "valid": false, "question_select": 31}}, {"model": "assessments.selectoption", "pk": 71, "fields": {"value": "1", "valid": true, "question_select": 31}}, {"model": "assessments.selectoption", "pk": 72, "fields": {"value": "3", "valid": false, "question_select": 31}}, {"model": "assessments.selectoption", "pk": 73, "fields": {"value": "2", "valid": false, "question_select": 32}}, {"model": "assessments.selectoption", "pk": 74, "fields": {"value": "7", "valid": false, "question_select": 32}}, {"model": "assessments.selectoption", "pk": 75, "fields": {"value": "4", "valid": false, "question_select": 32}}, {"model": "assessments.selectoption", "pk": 76, "fields": {"value": "3", "valid": true, "question_select": 32}}, {"model": "assessments.selectoption", "pk": 77, "fields": {"value": "7", "valid": false, "question_select": 33}}, {"model": "assessments.selectoption", "pk": 78, "fields": {"value": "1", "valid": false, "question_select": 33}}, {"model": "assessments.selectoption", "pk": 79, "fields": {"value": "3", "valid": false, "question_select": 33}}, {"model": "assessments.selectoption", "pk": 80, "fields": {"value": "2", "valid": true, "question_select": 33}}, {"model": "assessments.selectoption", "pk": 81, "fields": {"value": "9", "valid": false, "question_select": 34}}, {"model": "assessments.selectoption", "pk": 82, "fields": {"value": "6", "valid": false, "question_select": 34}}, {"model": "assessments.selectoption", "pk": 83, "fields": {"value": "4", "valid": false, "question_select": 34}}, {"model": "assessments.selectoption", "pk": 84, "fields": {"value": "5", "valid": true, "question_select": 34}}, {"model": "assessments.selectoption", "pk": 85, "fields": {"value": "9", "valid": false, "question_select": 35}}, {"model": "assessments.selectoption", "pk": 86, "fields": {"value": "8", "valid": true, "question_select": 35}}, {"model": "assessments.selectoption", "pk": 87, "fields": {"value": "18", "valid": false, "question_select": 35}}, {"model": "assessments.selectoption", "pk": 88, "fields": {"value": "7", "valid": false, "question_select": 35}}, {"model": "assessments.selectoption", "pk": 89, "fields": {"value": "19", "valid": false, "question_select": 36}}, {"model": "assessments.selectoption", "pk": 90, "fields": {"value": "10", "valid": false, "question_select": 36}}, {"model": "assessments.selectoption", "pk": 91, "fields": {"value": "8", "valid": false, "question_select": 36}}, {"model": "assessments.selectoption", "pk": 92, "fields": {"value": "9", "valid": true, "question_select": 36}}, {"model": "assessments.selectoption", "pk": 93, "fields": {"value": "10", "valid": true, "question_select": 37}}, {"model": "assessments.selectoption", "pk": 94, "fields": {"value": "1", "valid": false, "question_select": 37}}, {"model": "assessments.selectoption", "pk": 95, "fields": {"value": "11", "valid": false, "question_select": 37}}, {"model": "assessments.selectoption", "pk": 96, "fields": {"value": "0", "valid": false, "question_select": 37}}, {"model": "assessments.selectoption", "pk": 97, "fields": {"value": "17", "valid": true, "question_select": 38}}, {"model": "assessments.selectoption", "pk": 98, "fields": {"value": "16", "valid": false, "question_select": 38}}, {"model": "assessments.selectoption", "pk": 99, "fields": {"value": "18", "valid": false, "question_select": 38}}, {"model": "assessments.selectoption", "pk": 100, "fields": {"value": "15", "valid": false, "question_select": 38}}, {"model": "assessments.selectoption", "pk": 101, "fields": {"value": "12", "valid": false, "question_select": 39}}, {"model": "assessments.selectoption", "pk": 102, "fields": {"value": "14", "valid": false, "question_select": 39}}, {"model": "assessments.selectoption", "pk": 103, "fields": {"value": "16", "valid": true, "question_select": 39}}, {"model": "assessments.selectoption", "pk": 104, "fields": {"value": "15", "valid": false, "question_select": 39}}, {"model": "assessments.selectoption", "pk": 105, "fields": {"value": "13", "valid": false, "question_select": 40}}, {"model": "assessments.selectoption", "pk": 106, "fields": {"value": "10", "valid": false, "question_select": 40}}, {"model": "assessments.selectoption", "pk": 107, "fields": {"value": "12", "valid": false, "question_select": 40}}, {"model": "assessments.selectoption", "pk": 108, "fields": {"value": "11", "valid": true, "question_select": 40}}, {"model": "assessments.selectoption", "pk": 109, "fields": {"value": "29", "valid": true, "question_select": 41}}, {"model": "assessments.selectoption", "pk": 110, "fields": {"value": "39", "valid": false, "question_select": 41}}, {"model": "assessments.selectoption", "pk": 111, "fields": {"value": "92", "valid": false, "question_select": 41}}, {"model": "assessments.selectoption", "pk": 112, "fields": {"value": "20", "valid": false, "question_select": 41}}, {"model": "assessments.selectoption", "pk": 113, "fields": {"value": "32", "valid": false, "question_select": 42}}, {"model": "assessments.selectoption", "pk": 114, "fields": {"value": "33", "valid": false, "question_select": 42}}, {"model": "assessments.selectoption", "pk": 115, "fields": {"value": "31", "valid": true, "question_select": 42}}, {"model": "assessments.selectoption", "pk": 116, "fields": {"value": "30", "valid": false, "question_select": 42}}, {"model": "assessments.selectoption", "pk": 117, "fields": {"value": "33", "valid": false, "question_select": 43}}, {"model": "assessments.selectoption", "pk": 118, "fields": {"value": "34", "valid": true, "question_select": 43}}, {"model": "assessments.selectoption", "pk": 119, "fields": {"value": "43", "valid": false, "question_select": 43}}, {"model": "assessments.selectoption", "pk": 120, "fields": {"value": "30", "valid": false, "question_select": 43}}, {"model": "assessments.selectoption", "pk": 121, "fields": {"value": "40", "valid": false, "question_select": 44}}, {"model": "assessments.selectoption", "pk": 122, "fields": {"value": "24", "valid": false, "question_select": 44}}, {"model": "assessments.selectoption", "pk": 123, "fields": {"value": "41", "valid": false, "question_select": 44}}, {"model": "assessments.selectoption", "pk": 124, "fields": {"value": "42", "valid": true, "question_select": 44}}, {"model": "assessments.selectoption", "pk": 125, "fields": {"value": "55", "valid": false, "question_select": 45}}, {"model": "assessments.selectoption", "pk": 126, "fields": {"value": "65", "valid": false, "question_select": 45}}, {"model": "assessments.selectoption", "pk": 127, "fields": {"value": "56", "valid": true, "question_select": 45}}, {"model": "assessments.selectoption", "pk": 128, "fields": {"value": "50", "valid": false, "question_select": 45}}, {"model": "assessments.selectoption", "pk": 129, "fields": {"value": "Option 1", "valid": true, "question_select": 46}}, {"model": "assessments.selectoption", "pk": 130, "fields": {"value": "Option 2", "valid": false, "question_select": 46}}, {"model": "assessments.selectoption", "pk": 131, "fields": {"value": "Option 3", "valid": false, "question_select": 46}}, {"model": "assessments.selectoption", "pk": 132, "fields": {"value": "Option 4", "valid": false, "question_select": 46}}, {"model": "assessments.selectoption", "pk": 133, "fields": {"value": null, "valid": false, "question_select": 47}}, {"model": "assessments.selectoption", "pk": 134, "fields": {"value": null, "valid": false, "question_select": 47}}, {"model": "assessments.selectoption", "pk": 135, "fields": {"value": null, "valid": true, "question_select": 47}}, {"model": "assessments.selectoption", "pk": 136, "fields": {"value": null, "valid": false, "question_select": 47}}, {"model": "assessments.selectoption", "pk": 137, "fields": {"value": "خَشَب", "valid": false, "question_select": 48}}, {"model": "assessments.selectoption", "pk": 138, "fields": {"value": "عِنَب", "valid": true, "question_select": 48}}, {"model": "assessments.selectoption", "pk": 139, "fields": {"value": "جَمَل", "valid": false, "question_select": 48}}, {"model": "assessments.selectoption", "pk": 140, "fields": {"value": "قِطار", "valid": false, "question_select": 48}}, {"model": "assessments.selectoption", "pk": 141, "fields": {"value": "لَيل", "valid": true, "question_select": 49}}, {"model": "assessments.selectoption", "pk": 142, "fields": {"value": "قِطار", "valid": false, "question_select": 49}}, {"model": "assessments.selectoption", "pk": 143, "fields": {"value": "صوف", "valid": false, "question_select": 49}}, {"model": "assessments.selectoption", "pk": 144, "fields": {"value": "ثَعْلَب", "valid": false, "question_select": 49}}, {"model": "assessments.selectoption", "pk": 145, "fields": {"value": null, "valid": false, "question_select": 50}}, {"model": "assessments.selectoption", "pk": 146, "fields": {"value": null, "valid": false, "question_select": 50}}, {"model": "assessments.selectoption", "pk": 147, "fields": {"value": null, "valid": false, "question_select": 50}}, {"model": "assessments.selectoption", "pk": 148, "fields": {"value": null, "valid": true, "question_select": 50}}, {"model": "assessments.selectoption", "pk": 149, "fields": {"value": null, "valid": false, "question_select": 51}}, {"model": "assessments.selectoption", "pk": 150, "fields": {"value": null, "valid": false, "question_select": 51}}, {"model": "assessments.selectoption", "pk": 151, "fields": {"value": null, "valid": false, "question_select": 51}}, {"model": "assessments.selectoption", "pk": 152, "fields": {"value": null, "valid": true, "question_select": 51}}, {"model": "assessments.selectoption", "pk": 153, "fields": {"value": "قَمَر", "valid": false, "question_select": 52}}, {"model": "assessments.selectoption", "pk": 154, "fields": {"value": "طاوِلَة", "valid": true, "question_select": 52}}, {"model": "assessments.selectoption", "pk": 155, "fields": {"value": "بَيْت", "valid": false, "question_select": 52}}, {"model": "assessments.selectoption", "pk": 156, "fields": {"value": "نَمْل", "valid": false, "question_select": 52}}, {"model": "assessments.selectoption", "pk": 157, "fields": {"value": "جَبَل", "valid": false, "question_select": 53}}, {"model": "assessments.selectoption", "pk": 158, "fields": {"value": "عِنَب", "valid": false, "question_select": 53}}, {"model": "assessments.selectoption", "pk": 159, "fields": {"value": "تاج", "valid": true, "question_select": 53}}, {"model": "assessments.selectoption", "pk": 160, "fields": {"value": "دَجاجَة", "valid": false, "question_select": 53}}, {"model": "assessments.selectoption", "pk": 161, "fields": {"value": "بَ", "valid": true, "question_select": 54}}, {"model": "assessments.selectoption", "pk": 162, "fields": {"value": "شو", "valid": false, "question_select": 54}}, {"model": "assessments.selectoption", "pk": 163, "fields": {"value": "زا", "valid": false, "question_select": 54}}, {"model": "assessments.selectoption", "pk": 164, "fields": {"value": "ذُ", "valid": false, "question_select": 54}}, {"model": "assessments.selectoption", "pk": 165, "fields": {"value": "سي", "valid": true, "question_select": 55}}, {"model": "assessments.selectoption", "pk": 166, "fields": {"value": "يَ", "valid": false, "question_select": 55}}, {"model": "assessments.selectoption", "pk": 167, "fields": {"value": "جا", "valid": false, "question_select": 55}}, {"model": "assessments.selectoption", "pk": 168, "fields": {"value": "قو", "valid": false, "question_select": 55}}, {"model": "assessments.selectoption", "pk": 169, "fields": {"value": "1", "valid": false, "question_select": 56}}, {"model": "assessments.selectoption", "pk": 170, "fields": {"value": "2", "valid": false, "question_select": 56}}, {"model": "assessments.selectoption", "pk": 171, "fields": {"value": "3", "valid": false, "question_select": 56}}, {"model": "assessments.selectoption", "pk": 172, "fields": {"value": "4", "valid": true, "question_select": 56}}, {"model": "assessments.selectoption", "pk": 173, "fields": {"value": "1", "valid": false, "question_select": 57}}, {"model": "assessments.selectoption", "pk": 174, "fields": {"value": "2", "valid": true, "question_select": 57}}, {"model": "assessments.selectoption", "pk": 175, "fields": {"value": "3", "valid": false, "question_select": 57}}, {"model": "assessments.selectoption", "pk": 176, "fields": {"value": "4", "valid": false, "question_select": 57}}, {"model": "assessments.selectoption", "pk": 177, "fields": {"value": "Not at all like me", "valid": false, "question_select": 67}}, {"model": "assessments.selectoption", "pk": 178, "fields": {"value": "A little bit like me", "valid": false, "question_select": 67}}, {"model": "assessments.selectoption", "pk": 179, "fields": {"value": "Somewhat like me", "valid": false, "question_select": 67}}, {"model": "assessments.selectoption", "pk": 180, "fields": {"value": "Strongly Agree/ Very much like me", "valid": false, "question_select": 67}}, {"model": "assessments.selectoption", "pk": 181, "fields": {"value": "Not at all like me", "valid": false, "question_select": 68}}, {"model": "assessments.selectoption", "pk": 182, "fields": {"value": "A little bit like me", "valid": false, "question_select": 68}}, {"model": "assessments.selectoption", "pk": 183, "fields": {"value": "Somewhat like me", "valid": false, "question_select": 68}}, {"model": "assessments.selectoption", "pk": 184, "fields": {"value": "Strongly Agree/ Very much like me", "valid": false, "question_select": 68}}, {"model": "assessments.selectoption", "pk": 185, "fields": {"value": "A little bit like me", "valid": false, "question_select": 69}}, {"model": "assessments.selectoption", "pk": 186, "fields": {"value": "Somewhat like me", "valid": false, "question_select": 69}}, {"model": "assessments.selectoption", "pk": 187, "fields": {"value": "Not at all like me", "valid": false, "question_select": 69}}, {"model": "assessments.selectoption", "pk": 188, "fields": {"value": "Strongly Agree/ Very much like me", "valid": false, "question_select": 69}}, {"model": "assessments.selectoption", "pk": 189, "fields": {"value": "Not at all like me", "valid": false, "question_select": 70}}, {"model": "assessments.selectoption", "pk": 190, "fields": {"value": "A little bit like me", "valid": false, "question_select": 70}}, {"model": "assessments.selectoption", "pk": 191, "fields": {"value": "Somewhat like me", "valid": false, "question_select": 70}}, {"model": "assessments.selectoption", "pk": 192, "fields": {"value": "Strongly Agree/ Very much like me", "valid": false, "question_select": 70}}, {"model": "assessments.selectoption", "pk": 193, "fields": {"value": "Not at all like me", "valid": false, "question_select": 71}}, {"model": "assessments.selectoption", "pk": 194, "fields": {"value": "A little bit like me", "valid": false, "question_select": 71}}, {"model": "assessments.selectoption", "pk": 195, "fields": {"value": "Somewhat like me", "valid": false, "question_select": 71}}, {"model": "assessments.selectoption", "pk": 196, "fields": {"value": "Strongly Agree/ Very much like me", "valid": false, "question_select": 71}}, {"model": "assessments.selectoption", "pk": 197, "fields": {"value": "Not at all like me", "valid": false, "question_select": 72}}, {"model": "assessments.selectoption", "pk": 198, "fields": {"value": "A little bit like me", "valid": false, "question_select": 72}}, {"model": "assessments.selectoption", "pk": 199, "fields": {"value": "Somewhat like me", "valid": false, "question_select": 72}}, {"model": "assessments.selectoption", "pk": 200, "fields": {"value": "Strongly Agree/ Very much like me", "valid": false, "question_select": 72}}, {"model": "assessments.selectoption", "pk": 201, "fields": {"value": "Not at all like me", "valid": false, "question_select": 73}}, {"model": "assessments.selectoption", "pk": 202, "fields": {"value": "A little bit like me", "valid": false, "question_select": 73}}, {"model": "assessments.selectoption", "pk": 203, "fields": {"value": "Somewhat like me", "valid": false, "question_select": 73}}, {"model": "assessments.selectoption", "pk": 204, "fields": {"value": "Strongly Agree/ Very much like me", "valid": false, "question_select": 73}}, {"model": "assessments.selectoption", "pk": 205, "fields": {"value": "Not at all like me", "valid": false, "question_select": 74}}, {"model": "assessments.selectoption", "pk": 206, "fields": {"value": "A little bit like me", "valid": false, "question_select": 74}}, {"model": "assessments.selectoption", "pk": 207, "fields": {"value": "Somewhat like me", "valid": false, "question_select": 74}}, {"model": "assessments.selectoption", "pk": 208, "fields": {"value": "Strongly Agree/ Very much like me", "valid": false, "question_select": 74}}, {"model": "assessments.selectoption", "pk": 209, "fields": {"value": "Not at all like me", "valid": false, "question_select": 87}}, {"model": "assessments.selectoption", "pk": 210, "fields": {"value": "A little bit like me", "valid": false, "question_select": 87}}, {"model": "assessments.selectoption", "pk": 211, "fields": {"value": "Somewhat like me", "valid": false, "question_select": 87}}, {"model": "assessments.selectoption", "pk": 212, "fields": {"value": "Strongly Agree/ Very much like me", "valid": false, "question_select": 87}}, {"model": "assessments.selectoption", "pk": 213, "fields": {"value": "Not at all like me", "valid": false, "question_select": 88}}, {"model": "assessments.selectoption", "pk": 214, "fields": {"value": "A little bit like me", "valid": false, "question_select": 88}}, {"model": "assessments.selectoption", "pk": 215, "fields": {"value": "Somewhat like me", "valid": false, "question_select": 88}}, {"model": "assessments.selectoption", "pk": 216, "fields": {"value": "Strongly Agree/ Very much like me", "valid": false, "question_select": 88}}, {"model": "assessments.selectoption", "pk": 217, "fields": {"value": "Not at all like me", "valid": false, "question_select": 89}}, {"model": "assessments.selectoption", "pk": 218, "fields": {"value": "A little bit like me", "valid": false, "question_select": 89}}, {"model": "assessments.selectoption", "pk": 219, "fields": {"value": "Somewhat like me", "valid": false, "question_select": 89}}, {"model": "assessments.selectoption", "pk": 220, "fields": {"value": "Strongly Agree/ Very much like me", "valid": false, "question_select": 89}}, {"model": "assessments.selectoption", "pk": 221, "fields": {"value": "Not at all like me", "valid": false, "question_select": 90}}, {"model": "assessments.selectoption", "pk": 222, "fields": {"value": "A little bit like me", "valid": false, "question_select": 90}}, {"model": "assessments.selectoption", "pk": 223, "fields": {"value": "Somewhat like me", "valid": false, "question_select": 90}}, {"model": "assessments.selectoption", "pk": 224, "fields": {"value": "Strongly Agree/ Very much like me", "valid": false, "question_select": 90}}, {"model": "assessments.selectoption", "pk": 225, "fields": {"value": "Not at all like me", "valid": false, "question_select": 91}}, {"model": "assessments.selectoption", "pk": 226, "fields": {"value": "A little bit like me", "valid": false, "question_select": 91}}, {"model": "assessments.selectoption", "pk": 227, "fields": {"value": "Somewhat like me", "valid": false, "question_select": 91}}, {"model": "assessments.selectoption", "pk": 228, "fields": {"value": "Strongly Agree/ Very much like me", "valid": false, "question_select": 91}}, {"model": "assessments.selectoption", "pk": 229, "fields": {"value": "Not at all like me", "valid": false, "question_select": 92}}, {"model": "assessments.selectoption", "pk": 230, "fields": {"value": "A little bit like me", "valid": false, "question_select": 92}}, {"model": "assessments.selectoption", "pk": 231, "fields": {"value": "Somewhat like me", "valid": false, "question_select": 92}}, {"model": "assessments.selectoption", "pk": 232, "fields": {"value": "Strongly Agree/ Very much like me", "valid": false, "question_select": 92}}, {"model": "assessments.selectoption", "pk": 233, "fields": {"value": "Not at all like me", "valid": false, "question_select": 93}}, {"model": "assessments.selectoption", "pk": 234, "fields": {"value": "A little bit like me", "valid": false, "question_select": 93}}, {"model": "assessments.selectoption", "pk": 235, "fields": {"value": "Somewhat like me", "valid": false, "question_select": 93}}, {"model": "assessments.selectoption", "pk": 236, "fields": {"value": "Strongly Agree/ Very much like me", "valid": false, "question_select": 93}}, {"model": "assessments.selectoption", "pk": 237, "fields": {"value": "Not at all like me", "valid": false, "question_select": 94}}, {"model": "assessments.selectoption", "pk": 238, "fields": {"value": "A little bit like me", "valid": false, "question_select": 94}}, {"model": "assessments.selectoption", "pk": 239, "fields": {"value": "Somewhat like me", "valid": false, "question_select": 94}}, {"model": "assessments.selectoption", "pk": 240, "fields": {"value": "Strongly Agree/ Very much like me", "valid": false, "question_select": 94}}, {"model": "assessments.attachment", "pk": 16, "fields": {"attachment_type": "AUDIO", "file": "attachments/gen_01.ogg", "topic": null, "question": 31, "hint": null, "select_option": null, "sort_option": null}}, {"model": "assessments.attachment", "pk": 17, "fields": {"attachment_type": "AUDIO", "file": "attachments/gen_02.ogg", "topic": null, "question": 33, "hint": null, "select_option": null, "sort_option": null}}, {"model": "assessments.attachment", "pk": 18, "fields": {"attachment_type": "AUDIO", "file": "attachments/gen_03.ogg", "topic": null, "question": 32, "hint": null, "select_option": null, "sort_option": null}}, {"model": "assessments.attachment", "pk": 19, "fields": {"attachment_type": "AUDIO", "file": "attachments/gen_05.ogg", "topic": null, "question": 34, "hint": null, "select_option": null, "sort_option": null}}, {"model": "assessments.attachment", "pk": 20, "fields": {"attachment_type": "AUDIO", "file": "attachments/gen_08.ogg", "topic": null, "question": 35, "hint": null, "select_option": null, "sort_option": null}}, {"model": "assessments.attachment", "pk": 21, "fields": {"attachment_type": "AUDIO", "file": "attachments/gen_09.ogg", "topic": null, "question": 36, "hint": null, "select_option": null, "sort_option": null}}, {"model": "assessments.attachment", "pk": 22, "fields": {"attachment_type": "AUDIO", "file": "attachments/gen_10.ogg", "topic": null, "question": 37, "hint": null, "select_option": null, "sort_option": null}}, {"model": "assessments.attachment", "pk": 23, "fields": {"attachment_type": "AUDIO", "file": "attachments/gen_11.ogg", "topic": null, "question": 40, "hint": null, "select_option": null, "sort_option": null}}, {"model": "assessments.attachment", "pk": 24, "fields": {"attachment_type": "AUDIO", "file": "attachments/gen_16.ogg", "topic": null, "question": 39, "hint": null, "select_option": null, "sort_option": null}}, {"model": "assessments.attachment", "pk": 25, "fields": {"attachment_type": "AUDIO", "file": "attachments/gen_17.ogg", "topic": null, "question": 38, "hint": null, "select_option": null, "sort_option": null}}, {"model": "assessments.attachment", "pk": 26, "fields": {"attachment_type": "AUDIO", "file": "attachments/gen_29.ogg", "topic": null, "question": 41, "hint": null, "select_option": null, "sort_option": null}}, {"model": "assessments.attachment", "pk": 27, "fields": {"attachment_type": "AUDIO", "file": "attachments/gen_31.ogg", "topic": null, "question": 42, "hint": null, "select_option": null, "sort_option": null}}, {"model": "assessments.attachment", "pk": 28, "fields": {"attachment_type": "AUDIO", "file": "attachments/gen_34.ogg", "topic": null, "question": 43, "hint": null, "select_option": null, "sort_option": null}}, {"model": "assessments.attachment", "pk": 29, "fields": {"attachment_type": "AUDIO", "file": "attachments/gen_42.ogg", "topic": null, "question": 44, "hint": null, "select_option": null, "sort_option": null}}, {"model": "assessments.attachment", "pk": 30, "fields": {"attachment_type": "AUDIO", "file": "attachments/gen_56.ogg", "topic": null, "question": 45, "hint": null, "select_option": null, "sort_option": null}}, {"model": "assessments.attachment", "pk": 31, "fields": {"attachment_type": "IMAGE", "file": "attachments/WordImage_door_s_m.png", "topic": null, "question": null, "hint": null, "select_option": 129, "sort_option": null}}, {"model": "assessments.attachment", "pk": 32, "fields": {"attachment_type": "AUDIO", "file": "attachments/WordAudio_door_s_m.ogg", "topic": null, "question": null, "hint": null, "select_option": 129, "sort_option": null}}, {"model": "assessments.attachment", "pk": 33, "fields": {"attachment_type": "IMAGE", "file": "attachments/WordImage_ship_p_f.png", "topic": null, "question": null, "hint": null, "select_option": 130, "sort_option": null}}, {"model": "assessments.attachment", "pk": 34, "fields": {"attachment_type": "AUDIO", "file": "attachments/WordAudio_ship_p_f.ogg", "topic": null, "question": null, "hint": null, "select_option": 130, "sort_option": null}}, {"model": "assessments.attachment", "pk": 35, "fields": {"attachment_type": "IMAGE", "file": "attachments/WordImage_wood_p_m.png", "topic": null, "question": null, "hint": null, "select_option": 131, "sort_option": null}}, {"model": "assessments.attachment", "pk": 36, "fields": {"attachment_type": "AUDIO", "file": "attachments/WordAudio_wood_p_m.ogg", "topic": null, "question": null, "hint": null, "select_option": 131, "sort_option": null}}, {"model": "assessments.attachment", "pk": 38, "fields": {"attachment_type": "IMAGE", "file": "attachments/WordImage_train_s_m.png", "topic": null, "question": null, "hint": null, "select_option": 132, "sort_option": null}}, {"model": "assessments.attachment", "pk": 39, "fields": {"attachment_type": "AUDIO", "file": "attachments/WordAudio_train_s_m.ogg", "topic": null, "question": null, "hint": null, "select_option": 132, "sort_option": null}}, {"model": "assessments.attachment", "pk": 40, "fields": {"attachment_type": "IMAGE", "file": "attachments/WordImage_bell_s_m.png", "topic": null, "question": null, "hint": null, "select_option": 133, "sort_option": null}}, {"model": "assessments.attachment", "pk": 41, "fields": {"attachment_type": "AUDIO", "file": "attachments/WordAudio_bell_s_m.ogg", "topic": null, "question": null, "hint": null, "select_option": 133, "sort_option": null}}, {"model": "assessments.attachment", "pk": 42, "fields": {"attachment_type": "IMAGE", "file": "attachments/WordImage_river_s_m.png", "topic": null, "question": null, "hint": null, "select_option": 134, "sort_option": null}}, {"model": "assessments.attachment", "pk": 43, "fields": {"attachment_type": "AUDIO", "file": "attachments/WordAudio_river_s_m.ogg", "topic": null, "question": null, "hint": null, "select_option": 134, "sort_option": null}}, {"model": "assessments.attachment", "pk": 44, "fields": {"attachment_type": "IMAGE", "file": "attachments/WordImage_sun_s_f.png", "topic": null, "question": null, "hint": null, "select_option": 135, "sort_option": null}}, {"model": "assessments.attachment", "pk": 45, "fields": {"attachment_type": "AUDIO", "file": "attachments/WordAudio_sun_s_f.ogg", "topic": null, "question": null, "hint": null, "select_option": 135, "sort_option": null}}, {"model": "assessments.attachment", "pk": 46, "fields": {"attachment_type": "IMAGE", "file": "attachments/WordImage_cloud_c_m.png", "topic": null, "question": null, "hint": null, "select_option": 136, "sort_option": null}}, {"model": "assessments.attachment", "pk": 47, "fields": {"attachment_type": "AUDIO", "file": "attachments/WordAudio_cloud_c_m.ogg", "topic": null, "question": null, "hint": null, "select_option": 136, "sort_option": null}}, {"model": "assessments.attachment", "pk": 48, "fields": {"attachment_type": "IMAGE", "file": "attachments/WordImage_grape_p_m.png", "topic": null, "question": 48, "hint": null, "select_option": null, "sort_option": null}}, {"model": "assessments.attachment", "pk": 49, "fields": {"attachment_type": "AUDIO", "file": "attachments/WordAudio_grape_p_m.ogg", "topic": null, "question": 48, "hint": null, "select_option": null, "sort_option": null}}, {"model": "assessments.attachment", "pk": 50, "fields": {"attachment_type": "IMAGE", "file": "attachments/WordImage_night_s_m.png", "topic": null, "question": 49, "hint": null, "select_option": null, "sort_option": null}}, {"model": "assessments.attachment", "pk": 51, "fields": {"attachment_type": "AUDIO", "file": "attachments/WordAudio_night_s_m.ogg", "topic": null, "question": 49, "hint": null, "select_option": null, "sort_option": null}}, {"model": "assessments.attachment", "pk": 52, "fields": {"attachment_type": "IMAGE", "file": "attachments/WordImage_banana_p_m.png", "topic": null, "question": null, "hint": null, "select_option": 145, "sort_option": null}}, {"model": "assessments.attachment", "pk": 53, "fields": {"attachment_type": "IMAGE", "file": "attachments/WordImage_house_s_m.png", "topic": null, "question": null, "hint": null, "select_option": 146, "sort_option": null}}, {"model": "assessments.attachment", "pk": 54, "fields": {"attachment_type": "IMAGE", "file": "attachments/WordImage_dried_date_fruit_p_m.png", "topic": null, "question": null, "hint": null, "select_option": 147, "sort_option": null}}, {"model": "assessments.attachment", "pk": 55, "fields": {"attachment_type": "IMAGE", "file": "attachments/WordImage_scarf_s_m.png", "topic": null, "question": null, "hint": null, "select_option": 148, "sort_option": null}}, {"model": "assessments.attachment", "pk": 56, "fields": {"attachment_type": "IMAGE", "file": "attachments/WordImage_tiger_s_m.png", "topic": null, "question": null, "hint": null, "select_option": 149, "sort_option": null}}, {"model": "assessments.attachment", "pk": 57, "fields": {"attachment_type": "IMAGE", "file": "attachments/WordImage_moon_s_m.png", "topic": null, "question": null, "hint": null, "select_option": 150, "sort_option": null}}, {"model": "assessments.attachment", "pk": 58, "fields": {"attachment_type": "IMAGE", "file": "attachments/WordImage_rose_p_m.png", "topic": null, "question": null, "hint": null, "select_option": 151, "sort_option": null}}, {"model": "assessments.attachment", "pk": 59, "fields": {"attachment_type": "IMAGE", "file": "attachments/WordImage_apple_s_f.png", "topic": null, "question": null, "hint": null, "select_option": 152, "sort_option": null}}, {"model": "assessments.attachment", "pk": 60, "fields": {"attachment_type": "IMAGE", "file": "attachments/WordImage_table_s_f.png", "topic": null, "question": 52, "hint": null, "select_option": null, "sort_option": null}}, {"model": "assessments.attachment", "pk": 61, "fields": {"attachment_type": "IMAGE", "file": "attachments/WordImage_crown_s_m.png", "topic": null, "question": 53, "hint": null, "select_option": null, "sort_option": null}}, {"model": "assessments.attachment", "pk": 62, "fields": {"attachment_type": "AUDIO", "file": "attachments/SyllableAudio84ba.ogg", "topic": null, "question": 54, "hint": null, "select_option": null, "sort_option": null}}, {"model": "assessments.attachment", "pk": 63, "fields": {"attachment_type": "AUDIO", "file": "attachments/SyllableAudio68sii.ogg", "topic": null, "question": 55, "hint": null, "select_option": null, "sort_option": null}}, {"model": "assessments.attachment", "pk": 64, "fields": {"attachment_type": "AUDIO", "file": "attachments/SyllableAudio24zzaa.ogg", "topic": null, "question": null, "hint": null, "select_option": 169, "sort_option": null}}, {"model": "assessments.attachment", "pk": 65, "fields": {"attachment_type": "AUDIO", "file": "attachments/SyllableAudio87ta.ogg", "topic": null, "question": null, "hint": null, "select_option": 170, "sort_option": null}}, {"model": "assessments.attachment", "pk": 66, "fields": {"attachment_type": "AUDIO", "file": "attachments/SyllableAudio88ya.ogg", "topic": null, "question": null, "hint": null, "select_option": 171, "sort_option": null}}, {"model": "assessments.attachment", "pk": 67, "fields": {"attachment_type": "AUDIO", "file": "attachments/SyllableAudio129ttu.ogg", "topic": null, "question": null, "hint": null, "select_option": 172, "sort_option": null}}, {"model": "assessments.attachment", "pk": 68, "fields": {"attachment_type": "AUDIO", "file": "attachments/SyllableAudio15jaa.ogg", "topic": null, "question": null, "hint": null, "select_option": 176, "sort_option": null}}, {"model": "assessments.attachment", "pk": 69, "fields": {"attachment_type": "AUDIO", "file": "attachments/SyllableAudio86na.ogg", "topic": null, "question": null, "hint": null, "select_option": 175, "sort_option": null}}, {"model": "assessments.attachment", "pk": 70, "fields": {"attachment_type": "AUDIO", "file": "attachments/SyllableAudio31buu.ogg", "topic": null, "question": null, "hint": null, "select_option": 173, "sort_option": null}}, {"model": "assessments.attachment", "pk": 71, "fields": {"attachment_type": "AUDIO", "file": "attachments/SyllableAudio144khi.ogg", "topic": null, "question": null, "hint": null, "select_option": 174, "sort_option": null}}]